{"cameraMode":{"drawMode":0,"name":"Shaded","section":"Shading Mode"},"sceneLighting":true,"audioPlay":false,"sceneViewState":{"showFog":true,"showMaterialUpdate":false,"showSkybox":true,"showFlares":true,"showImageEffects":true,"showParticleSystems":true},"in2DMode":false,"pivot":{"x":-3.760962963104248,"y":-1.5465037822723389,"z":0.8940520286560059},"rotation":{"x":-0.17223146557807923,"y":0.5078742504119873,"z":-0.10443751513957977,"w":-0.8375517725944519},"size":10.0,"orthographic":false}