{"cameraMode":{"drawMode":0,"name":"Shaded","section":"Shading Mode"},"sceneLighting":true,"audioPlay":false,"sceneViewState":{"showFog":true,"showMaterialUpdate":false,"showSkybox":true,"showFlares":true,"showImageEffects":true,"showParticleSystems":true},"in2DMode":false,"pivot":{"x":7.5264458656311039,"y":-0.959698498249054,"z":-8.394978523254395},"rotation":{"x":0.0008046775474213064,"y":0.9991953372955322,"z":-0.02829405665397644,"w":0.02841680310666561},"size":8.573651313781739,"orthographic":false}