{"cameraMode":{"drawMode":0,"name":"Shaded","section":"Shading Mode"},"sceneLighting":true,"audioPlay":false,"sceneViewState":{"showFog":true,"showMaterialUpdate":false,"showSkybox":true,"showFlares":true,"showImageEffects":true,"showParticleSystems":true},"in2DMode":false,"pivot":{"x":-5.960464477539063e-8,"y":0.07175999879837036,"z":-1.2547200918197632},"rotation":{"x":0.004387772176414728,"y":0.9733272790908814,"z":0.018680529668927194,"w":-0.2286171019077301},"size":0.5127043724060059,"orthographic":false}