{"cameraMode":{"drawMode":0,"name":"Shaded","section":"Shading Mode"},"sceneLighting":true,"audioPlay":false,"sceneViewState":{"showFog":true,"showMaterialUpdate":false,"showSkybox":true,"showFlares":true,"showImageEffects":true,"showParticleSystems":true},"in2DMode":false,"pivot":{"x":-0.13851404190063477,"y":0.027954578399658204,"z":1.1445913314819337},"rotation":{"x":-0.2017906755208969,"y":0.16626328229904176,"z":-0.034782104194164279,"w":-0.964586615562439},"size":8.187153816223145,"orthographic":false}