{"cameraMode":{"drawMode":0,"name":"Shaded","section":"Shading Mode"},"sceneLighting":true,"audioPlay":false,"sceneViewState":{"showFog":true,"showMaterialUpdate":false,"showSkybox":true,"showFlares":true,"showImageEffects":true,"showParticleSystems":true},"in2DMode":false,"pivot":{"x":-0.16648659110069276,"y":-0.09162133932113648,"z":0.4080371856689453},"rotation":{"x":-0.000014522621313517448,"y":-0.9999511241912842,"z":-0.00977493915706873,"w":0.001512999297119677},"size":9.068965911865235,"orthographic":false}