{"cameraMode":{"drawMode":0,"name":"Shaded","section":"Shading Mode"},"sceneLighting":true,"audioPlay":false,"sceneViewState":{"showFog":true,"showMaterialUpdate":false,"showSkybox":true,"showFlares":true,"showImageEffects":true,"showParticleSystems":true},"in2DMode":false,"pivot":{"x":-4.128492832183838,"y":4.411302089691162,"z":2.0153212547302248},"rotation":{"x":-0.008217070251703263,"y":-0.04479292780160904,"z":0.00036854748032055795,"w":-0.9989624619483948},"size":8.187153816223145,"orthographic":false}